display_name,handle,author_did,post_dids
Jean Prince,jpgrackle.bsky.social,did:plc:oa3kqefdecmxq35gofflhjlw,"['at://did:plc:oa3kqefdecmxq35gofflhjlw/app.bsky.feed.post/3lsdzvgm7bc2f', 'at://did:plc:oa3kqefdecmxq35gofflhjlw/app.bsky.feed.post/3lqscybhhi22p', 'at://did:plc:oa3kqefdecmxq35gofflhjlw/app.bsky.feed.post/3lqmxbowtz224', 'at://did:plc:oa3kqefdecmxq35gofflhjlw/app.bsky.feed.post/3lqmt4wyvc22m', 'at://did:plc:oa3kqefdecmxq35gofflhjlw/app.bsky.feed.post/3lpotbdsc6k2j']"
,thehillstreet.bsky.social,did:plc:im2h565oq2tvsi2ev3eysw3y,"['at://did:plc:np6moewljks2bmteagh6rixm/app.bsky.feed.post/3lsidqohrj22o', 'at://did:plc:cqu5sht74wvmeh3otp5tphq6/app.bsky.feed.post/3lsa4qnslik2y', 'at://did:plc:cqu5sht74wvmeh3otp5tphq6/app.bsky.feed.post/3lsgsk3hoik2j', 'at://did:plc:gagfx2pvyqx62hjgm6i3y6ir/app.bsky.feed.post/3lsi2mh6sl22d', 'at://did:plc:tcodmngj3663oeatgg64qwbk/app.bsky.feed.post/3lsjvlhk5oc2j']"
Will Webster,willwritesword.bsky.social,did:plc:k24km4qgxpuqaapsdelqhzyl,"['at://did:plc:k24km4qgxpuqaapsdelqhzyl/app.bsky.feed.post/3lslrp7yqvk25', 'at://did:plc:k24km4qgxpuqaapsdelqhzyl/app.bsky.feed.post/3lsl57tk2322t', 'at://did:plc:k24km4qgxpuqaapsdelqhzyl/app.bsky.feed.post/3lsl57tjw622t', 'at://did:plc:k24km4qgxpuqaapsdelqhzyl/app.bsky.feed.post/3lsl56obrq22t', 'at://did:plc:k24km4qgxpuqaapsdelqhzyl/app.bsky.feed.post/3lsl56obgyc2t']"
John MacPherson,johnmacpherson.bsky.social,did:plc:6cn6xdoywstuszecuyqflnd5,"['at://did:plc:hyyqshfmzarjhybykciopfw6/app.bsky.feed.post/3lslgkicov22y', 'at://did:plc:zklxn2k5upav7pzph2byy4jc/app.bsky.feed.post/3lsjdtf27h22k', 'at://did:plc:6cn6xdoywstuszecuyqflnd5/app.bsky.feed.post/3lsioo3vmmk24', 'at://did:plc:6cn6xdoywstuszecuyqflnd5/app.bsky.feed.post/3lsioea7pus24', 'at://did:plc:6cn6xdoywstuszecuyqflnd5/app.bsky.feed.post/3lsilm6wrds24']"
Gareth Edwards,garethe68.bsky.social,did:plc:tpk23xm5rm7bu72jhfft2tzo,"['at://did:plc:tpk23xm5rm7bu72jhfft2tzo/app.bsky.feed.post/3lslhsmsaec2e', 'at://did:plc:tpk23xm5rm7bu72jhfft2tzo/app.bsky.feed.post/3lslhjeuyqc2e', 'at://did:plc:tpk23xm5rm7bu72jhfft2tzo/app.bsky.feed.post/3lslejqwoyk2q', 'at://did:plc:tpk23xm5rm7bu72jhfft2tzo/app.bsky.feed.post/3lskysilqys2u', 'at://did:plc:tpk23xm5rm7bu72jhfft2tzo/app.bsky.feed.post/3lskxoluoxk2u']"
Steffan @ FlankMarch,flankmarch.bsky.social,did:plc:nzzye27w5ouqr4emrm2t4naz,"['at://did:plc:nzzye27w5ouqr4emrm2t4naz/app.bsky.feed.post/3lslgdc6cq22d', 'at://did:plc:nzzye27w5ouqr4emrm2t4naz/app.bsky.feed.post/3lslfuyuz422d', 'at://did:plc:nzzye27w5ouqr4emrm2t4naz/app.bsky.feed.post/3lsla5vabsm2v', 'at://did:plc:nzzye27w5ouqr4emrm2t4naz/app.bsky.feed.post/3lsla5tu3qm2v', 'at://did:plc:nzzye27w5ouqr4emrm2t4naz/app.bsky.feed.post/3lsla5tu3ql2v']"
,drmamaq.bsky.social,did:plc:ajxv44pdryx2eh2lkc623hyh,"['at://did:plc:lam2rcgguxkyhfyk25zfozz5/app.bsky.feed.post/3lrs2lqb6422a', 'at://did:plc:wzgs4jpseoog45kgg6s4fuez/app.bsky.feed.post/3lse3p5i7vt2b', 'at://did:plc:bcobakupnburdv3erhmusbop/app.bsky.feed.post/3lsjvtfwroc2k', 'at://did:plc:vkg7u4jz7nhy6qlzhgw4mt7c/app.bsky.feed.post/3lsgpfqcrs22e', 'at://did:plc:3c5fhfnk5klvsg3dcoouz67a/app.bsky.feed.post/3lsjjcl5a322d']"
Ange greco,ange4.bsky.social,did:plc:omaglqddjzwp24ozjzagmhn7,"['at://did:plc:4z6fuuioxcqwuyh26e2sy67d/app.bsky.feed.post/3ls7utb7kd22c', 'at://did:plc:qowbtxbacsozuqde2xrujoeq/app.bsky.feed.post/3ls7wxulvjc2j', 'at://did:plc:uja66mvpwu7wewu3bh4ruj7n/app.bsky.feed.post/3ls7sekax6s2n', 'at://did:plc:4z6fuuioxcqwuyh26e2sy67d/app.bsky.feed.post/3ls7xmmquak2f', 'at://did:plc:gptr52yzj46rme47tskbu6rs/app.bsky.feed.post/3ls7wbs7gqk2y']"
sfgirluk,sfgirluk.bsky.social,did:plc:xuqmte26ln7i6eiopu2hog3d,"['at://did:plc:xuqmte26ln7i6eiopu2hog3d/app.bsky.feed.post/3lslu53bwzk2u', 'at://did:plc:xuqmte26ln7i6eiopu2hog3d/app.bsky.feed.post/3lslttsvbb22u', 'at://did:plc:7qqkq2zdwq4j5jingukgtuky/app.bsky.feed.post/3lslkqroyek23', 'at://did:plc:cnpe7qvcyjrhm6w7w7e4atur/app.bsky.feed.post/3lsjknervnk2a', 'at://did:plc:mxc7liuon6iq5gzapmmwkq22/app.bsky.feed.post/3lsjeqvi23c24']"
,yellerbelly7.bsky.social,did:plc:z7uw2es2jlvx6eopgf5rh5oe,
,fluffyducksays.bsky.social,did:plc:j6nc524pxxlon3au7to4utwi,
Herr Doktor Evil,herrdoktorevil.bsky.social,did:plc:j2mdqgdexn7oifepzk3mvuzj,"['at://did:plc:j2mdqgdexn7oifepzk3mvuzj/app.bsky.feed.post/3lrf4kmbnm225', 'at://did:plc:lzlqyldh7nfc34pfffvd24ko/app.bsky.feed.post/3lr6ekoygwk2c', 'at://did:plc:szt5gohiatgtykukx627lh7w/app.bsky.feed.post/3lqvm4arh522u', 'at://did:plc:j2mdqgdexn7oifepzk3mvuzj/app.bsky.feed.post/3lqdhjcq45c2j', 'at://did:plc:j2mdqgdexn7oifepzk3mvuzj/app.bsky.feed.post/3lpsr3eqqks23']"
Tom,sotontom.bsky.social,did:plc:uwm5mvtdqawo3oij4xlvp4rt,
Marta Pereira,marmartata.bsky.social,did:plc:5rakcq4ua4jrjjzwprhxes5u,"['at://did:plc:5rakcq4ua4jrjjzwprhxes5u/app.bsky.feed.post/3lsguucqips2v', 'at://did:plc:uz5apa2z3jrxhjjzqw5qik65/app.bsky.feed.post/3ls6dfckzec27', 'at://did:plc:5rakcq4ua4jrjjzwprhxes5u/app.bsky.feed.post/3lrnzg6jqds24', 'at://did:plc:ofbkqcjzvm6gtwuufsubnkaf/app.bsky.feed.post/3lrh2fvsvas2h', 'at://did:plc:5rakcq4ua4jrjjzwprhxes5u/app.bsky.feed.post/3lqzwqhsjw222']"
Patient Advocacy 202-224-3121,patientadvocacy.bsky.social,did:plc:zjd4kaqmsn3tfhlfwyus4bca,"['at://did:plc:uwhqzdewa4kr7qzb4i2njgrb/app.bsky.feed.post/3lsk7xqgoq22u', 'at://did:plc:4k6dakv7cskxttdvfpzadq7e/app.bsky.feed.post/3lsjmrrkcmk2i', 'at://did:plc:rlr4e4zioxivpndzr4mqw4r2/app.bsky.feed.post/3lsjmojlnik2l', 'at://did:plc:3s5wtzqrvrsvbxl6afiko2yw/app.bsky.feed.post/3lsjluafzac22', 'at://did:plc:zjd4kaqmsn3tfhlfwyus4bca/app.bsky.feed.post/3lsikb3kpvk27']"
Peter Stagnetto,peterstag.bsky.social,did:plc:ubcnuoyqq6an5gvzuhupohga,"['at://did:plc:k3jezfyjhywdzc3vz4muifog/app.bsky.feed.post/3lsc5awvqak23', 'at://did:plc:dx5je5myk3uavb23e56nivhy/app.bsky.feed.post/3lrvccfmgxs2j', 'at://did:plc:ubcnuoyqq6an5gvzuhupohga/app.bsky.feed.post/3lrmuvnd3ss2u', 'at://did:plc:ubcnuoyqq6an5gvzuhupohga/app.bsky.feed.post/3lrmuujehis2u', 'at://did:plc:ubcnuoyqq6an5gvzuhupohga/app.bsky.feed.post/3lrmunvym5c2u']"
Ayman Aljedi,aymanalgedi1.bsky.social,did:plc:gemw4aek75hv7rkuhngjd4kj,"['at://did:plc:gemw4aek75hv7rkuhngjd4kj/app.bsky.feed.post/3lsgyp526m22h', 'at://did:plc:gemw4aek75hv7rkuhngjd4kj/app.bsky.feed.post/3lsciro3ucs2h', 'at://did:plc:gemw4aek75hv7rkuhngjd4kj/app.bsky.feed.post/3ls7eegfglk24', 'at://did:plc:gemw4aek75hv7rkuhngjd4kj/app.bsky.feed.post/3ls4lboy2cs22', 'at://did:plc:gemw4aek75hv7rkuhngjd4kj/app.bsky.feed.post/3lruc4e7zzs2n']"
Cal,caldoc.bsky.social,did:plc:5cf6txnrrvdgqa7ce4jbpx6t,"['at://did:plc:5cf6txnrrvdgqa7ce4jbpx6t/app.bsky.feed.post/3lsbcl3cst22d', 'at://did:plc:5cf6txnrrvdgqa7ce4jbpx6t/app.bsky.feed.post/3ls5gs3ydh22s', 'at://did:plc:5cf6txnrrvdgqa7ce4jbpx6t/app.bsky.feed.post/3lre2qc6bf223', 'at://did:plc:5cf6txnrrvdgqa7ce4jbpx6t/app.bsky.feed.post/3lr7drbrcdk2o', 'at://did:plc:5cf6txnrrvdgqa7ce4jbpx6t/app.bsky.feed.post/3lr77xc5jnk2c']"
Lappietova,lappietova.bsky.social,did:plc:tlrpgzhiutik3dw66wox7gg5,"['at://did:plc:tcgaj6iaz3copqs43jkv7hr3/app.bsky.feed.post/3lslpfnnhi22v', 'at://did:plc:6p2dybcff7o6ershk3bvsxsw/app.bsky.feed.post/3lslrrvkwxs2b', 'at://did:plc:hf2ngt254y5n23nlraxfkq5i/app.bsky.feed.post/3lskonaqq6s2e', 'at://did:plc:vzx3pr4klx7i3bg2pt2sngif/app.bsky.feed.post/3lsltgtrvus2h', 'at://did:plc:vzx3pr4klx7i3bg2pt2sngif/app.bsky.feed.post/3lsltuuehlc2h']"
"Adam, a solicitor advocate",adam079.bsky.social,did:plc:hd6fy2b6nt3o5svxldj325tx,"['at://did:plc:hd6fy2b6nt3o5svxldj325tx/app.bsky.feed.post/3lsin2ydfes2w', 'at://did:plc:hd6fy2b6nt3o5svxldj325tx/app.bsky.feed.post/3lsimyyi3n22w', 'at://did:plc:nx2kxyxako6sobj4g4pdkl6s/app.bsky.feed.post/3ls45e5zvw22t', 'at://did:plc:hd6fy2b6nt3o5svxldj325tx/app.bsky.feed.post/3lrgasv7d3k26', 'at://did:plc:ujnaxshum5uod5s3ws26qn37/app.bsky.feed.post/3lras2ibxcc2u']"
Jonathan Tan,rocketfuel168.bsky.social,did:plc:xkxm7oweqzay6ag5ljxevrfu,"['at://did:plc:xkxm7oweqzay6ag5ljxevrfu/app.bsky.feed.post/3ls3i74kmp22d', 'at://did:plc:xkxm7oweqzay6ag5ljxevrfu/app.bsky.feed.post/3ls3i54c6zs2d', 'at://did:plc:xkxm7oweqzay6ag5ljxevrfu/app.bsky.feed.post/3lrrag7frwk2l', 'at://did:plc:4aqzua5vsewimmusg66fyajl/app.bsky.feed.post/3lrpmozq7ds23', 'at://did:plc:u4o26nximjdtgooqshfz45zr/app.bsky.feed.post/3lrq4jylrck2z']"
Billy Morrison,hibernaculum.bsky.social,did:plc:b4jtcrb4i6zljfboa6lsiw65,"['at://did:plc:b4jtcrb4i6zljfboa6lsiw65/app.bsky.feed.post/3lslp4uk7t22k', 'at://did:plc:b4jtcrb4i6zljfboa6lsiw65/app.bsky.feed.post/3lslp3bbpq22k', 'at://did:plc:b4jtcrb4i6zljfboa6lsiw65/app.bsky.feed.post/3lslowanqac2k', 'at://did:plc:b4jtcrb4i6zljfboa6lsiw65/app.bsky.feed.post/3lslnqcmu6c2k', 'at://did:plc:b4jtcrb4i6zljfboa6lsiw65/app.bsky.feed.post/3lslnb54ypk2k']"
Petrarca,petrarca.bsky.social,did:plc:zjscw724zhp5sx56brc3zh5p,"['at://did:plc:rkyvlcntcjo6vexoktvkcuo2/app.bsky.feed.post/3lrpwejvkjs2h', 'at://did:plc:jd5ynkua4gin3r2fmb25marj/app.bsky.feed.post/3lslkhjxbis2y', 'at://did:plc:zjscw724zhp5sx56brc3zh5p/app.bsky.feed.post/3lskvzikyzk2d', 'at://did:plc:zjscw724zhp5sx56brc3zh5p/app.bsky.feed.post/3lskvrcfvu22d', 'at://did:plc:zjscw724zhp5sx56brc3zh5p/app.bsky.feed.post/3lskox2uw4c2b']"
,douglasrijksen.bsky.social,did:plc:usriesmlbdl7wxl667a7ytgt,
,aidansquiffy.bsky.social,did:plc:qgjujrl3qetdnfzgd6rprtwl,"['at://did:plc:hkpurki2uen2io2ksmdadri2/app.bsky.feed.post/3lrrdco5kuc2n', 'at://did:plc:qgjujrl3qetdnfzgd6rprtwl/app.bsky.feed.post/3lrsqsdrrok2m', 'at://did:plc:qgjujrl3qetdnfzgd6rprtwl/app.bsky.feed.post/3lrsqo226pk2m', 'at://did:plc:c5oundoj5gmrkhbhydez25ie/app.bsky.feed.post/3lrjjnie2lc2q', 'at://did:plc:xl3w4e5jxslqeaglaqit2ql3/app.bsky.feed.post/3lpwijmicdk2e']"
Destinations Journey,destinationsjou.bsky.social,did:plc:v3bpinqxbswri4randeekmr3,"['at://did:plc:v3bpinqxbswri4randeekmr3/app.bsky.feed.post/3lsk756rjyk2s', 'at://did:plc:v3bpinqxbswri4randeekmr3/app.bsky.feed.post/3lsk5qaaq6s2s', 'at://did:plc:v3bpinqxbswri4randeekmr3/app.bsky.feed.post/3lsiiftmhns2k', 'at://did:plc:v3bpinqxbswri4randeekmr3/app.bsky.feed.post/3lshpkepzyk22', 'at://did:plc:v3bpinqxbswri4randeekmr3/app.bsky.feed.post/3lsf5n2hfns2d']"
Andy J,ajack1994.bsky.social,did:plc:j2iymc6uom5g2pkemiro7pqi,"['at://did:plc:codfx2epdduamfycuyi5fjpb/app.bsky.feed.post/3lradajqajc2h', 'at://did:plc:j2iymc6uom5g2pkemiro7pqi/app.bsky.feed.post/3lr6s2suizk2k', 'at://did:plc:c4xtyto7nrklhfkroyrsce2w/app.bsky.feed.post/3lq7ovx4crc2e', 'at://did:plc:pnml4qiaomab2xpculwrakda/app.bsky.feed.post/3lpqjgki2ec2o', 'at://did:plc:vocg5apjrlm7dfptvy6qbrfy/app.bsky.feed.post/3lpq77zojys2z']"
Pervis Purves,darksatanicmills.bsky.social,did:plc:vpnb3npgam5hfzxnac3xkmzi,"['at://did:plc:vpnb3npgam5hfzxnac3xkmzi/app.bsky.feed.post/3lslufhqpd22b', 'at://did:plc:vpnb3npgam5hfzxnac3xkmzi/app.bsky.feed.post/3lslub3df6s2b', 'at://did:plc:vpnb3npgam5hfzxnac3xkmzi/app.bsky.feed.post/3lslu4cthxk2b', 'at://did:plc:vpnb3npgam5hfzxnac3xkmzi/app.bsky.feed.post/3lsltx7chvs2b', 'at://did:plc:vpnb3npgam5hfzxnac3xkmzi/app.bsky.feed.post/3lsls3nzh4k2b']"
Michael Webster,michaelwebster92.bsky.social,did:plc:kyeryothch4hwnzea3zntxlz,"['at://did:plc:kyeryothch4hwnzea3zntxlz/app.bsky.feed.post/3lsemxxbebs2e', 'at://did:plc:kyeryothch4hwnzea3zntxlz/app.bsky.feed.post/3lrdueb5ves22', 'at://did:plc:kyeryothch4hwnzea3zntxlz/app.bsky.feed.post/3lr4nlzab2k2m', 'at://did:plc:kyeryothch4hwnzea3zntxlz/app.bsky.feed.post/3lqd23e7jic2s', 'at://did:plc:kyeryothch4hwnzea3zntxlz/app.bsky.feed.post/3lq2wg2cihc2y']"
,nadiawithaboringj.bsky.social,did:plc:ermushnpkwgxzfw4gdl2txee,"['at://did:plc:ermushnpkwgxzfw4gdl2txee/app.bsky.feed.post/3lskxigks222c', 'at://did:plc:ermushnpkwgxzfw4gdl2txee/app.bsky.feed.post/3lskx2m2wsk2c', 'at://did:plc:ermushnpkwgxzfw4gdl2txee/app.bsky.feed.post/3lskws75vi22c', 'at://did:plc:ermushnpkwgxzfw4gdl2txee/app.bsky.feed.post/3lskw7bimck2c', 'at://did:plc:ermushnpkwgxzfw4gdl2txee/app.bsky.feed.post/3lskw4wumc22c']"
,matthewrushuk.bsky.social,did:plc:vizt3fcbgklfghzxvpsdp5f2,['at://did:plc:vizt3fcbgklfghzxvpsdp5f2/app.bsky.feed.post/3lavllverjs2j']
Fathom Deep,fathomdeep.bsky.social,did:plc:uvlq5neaaijjhtbevbqh3i3g,"['at://did:plc:uvlq5neaaijjhtbevbqh3i3g/app.bsky.feed.post/3lsltnepq622b', 'at://did:plc:uvlq5neaaijjhtbevbqh3i3g/app.bsky.feed.post/3lsjnkuw5yc2r', 'at://did:plc:427acxj46wkryvuxsnanktzo/app.bsky.feed.post/3lsjchdn43s2z', 'at://did:plc:uvlq5neaaijjhtbevbqh3i3g/app.bsky.feed.post/3lsjibxllfc2f', 'at://did:plc:uvlq5neaaijjhtbevbqh3i3g/app.bsky.feed.post/3lsjia5c52k2f']"
Peter,pjwcrossways.bsky.social,did:plc:tjzdguwx2bejp6fiftv6h623,"['at://did:plc:7a4j47j42ezdr3au7pxdlzjt/app.bsky.feed.post/3lsilz4tke222', 'at://did:plc:epcy7hm6pv5io6bb7i4qnzlv/app.bsky.feed.post/3ls4ialdjpc24', 'at://did:plc:jck2bho35kgduakwcllvaw4u/app.bsky.feed.post/3ls4i4vgw3223', 'at://did:plc:jzhkuzbtblmd5tu2rzj773jk/app.bsky.feed.post/3ls46hqghrs2d', 'at://did:plc:tvc7g7sdrdq4g4nbgbeeglmp/app.bsky.feed.post/3ls2nlzjnsc2g']"
Rachel,rachieb.bsky.social,did:plc:xfjqykcy7jwjlbj7g64yolkb,"['at://did:plc:lylmaqna2j2nu7v5tj4pqnaj/app.bsky.feed.post/3lrvmfetvc22u', 'at://did:plc:xfjqykcy7jwjlbj7g64yolkb/app.bsky.feed.post/3lmwfg2bxo22v', 'at://did:plc:xfjqykcy7jwjlbj7g64yolkb/app.bsky.feed.post/3lkxetluf4k2e', 'at://did:plc:xfjqykcy7jwjlbj7g64yolkb/app.bsky.feed.post/3ljmootm6kk2a', 'at://did:plc:3wyvne7pyvvec5dmm5cvncbn/app.bsky.feed.post/3lilvojj34x2k']"
The Masterblaster,beeroy.bsky.social,did:plc:okz57vf3mf7qsgq2737uw4mb,"['at://did:plc:okz57vf3mf7qsgq2737uw4mb/app.bsky.feed.post/3lslwfhtdnk2f', 'at://did:plc:okz57vf3mf7qsgq2737uw4mb/app.bsky.feed.post/3lslifd5fds2t', 'at://did:plc:np6moewljks2bmteagh6rixm/app.bsky.feed.post/3lsl7kqc2js2g', 'at://did:plc:2whlowi5jjjqrdrrj4lxh2lx/app.bsky.feed.post/3lsl2fpxyk22e', 'at://did:plc:x4g4laxkmsrczwvnvbbgsm7g/app.bsky.feed.post/3lskkrdn7q226']"
kishon,kishond.bsky.social,did:plc:tq3foqjll7axpaifsmwvhl7x,"['at://did:plc:tq3foqjll7axpaifsmwvhl7x/app.bsky.feed.post/3lrvbxvpl422y', 'at://did:plc:tq3foqjll7axpaifsmwvhl7x/app.bsky.feed.post/3lrvbl5ienc2y', 'at://did:plc:tq3foqjll7axpaifsmwvhl7x/app.bsky.feed.post/3lrq6dlqrv22u', 'at://did:plc:llojyojekfb3vzxl44txm65v/app.bsky.feed.post/3lraxy3aook2f', 'at://did:plc:vjv4iefoakdckgbswjpm3gf2/app.bsky.feed.post/3lomf2hp6ds26']"
Paul Cowling,picowlo.bsky.social,did:plc:imzqiaptqediwuf2glpph42o,"['at://did:plc:swgxwbir4rrimj57pf75jckf/app.bsky.feed.post/3lskrq6ccnk2o', 'at://did:plc:imzqiaptqediwuf2glpph42o/app.bsky.feed.post/3lsji4647qs2n', 'at://did:plc:imzqiaptqediwuf2glpph42o/app.bsky.feed.post/3lsis6cmhak2g', 'at://did:plc:imzqiaptqediwuf2glpph42o/app.bsky.feed.post/3lsirzxlssc2g', 'at://did:plc:imzqiaptqediwuf2glpph42o/app.bsky.feed.post/3lsiqvcxcmk2g']"
James Curtis,jamescurtis1961.bsky.social,did:plc:ivbeo2z34kzrf2tiiqfts2bl,"['at://did:plc:ivbeo2z34kzrf2tiiqfts2bl/app.bsky.feed.post/3ls7w6wceic2k', 'at://did:plc:ivbeo2z34kzrf2tiiqfts2bl/app.bsky.feed.post/3lrt3czqdxc2l', 'at://did:plc:ivbeo2z34kzrf2tiiqfts2bl/app.bsky.feed.post/3lrjfpffdqs24', 'at://did:plc:ivbeo2z34kzrf2tiiqfts2bl/app.bsky.feed.post/3lphu72h5k22d', 'at://did:plc:keg3c3lhpxiihjho4e7auzaq/app.bsky.feed.post/3ld2jizpikc2p']"
Henry Gordon Jagoff,henrygordonjagoff.bsky.social,did:plc:bumykrcklkrajoivgjbxkoch,"['at://did:plc:bumykrcklkrajoivgjbxkoch/app.bsky.feed.post/3lsltralxn227', 'at://did:plc:jkuhm4lmg6t25piybct5izji/app.bsky.feed.post/3lslo2he2q22c', 'at://did:plc:bumykrcklkrajoivgjbxkoch/app.bsky.feed.post/3lslrmhzxns26', 'at://did:plc:c7xjyfaaxlad2ul4iba5koz7/app.bsky.feed.post/3lsk4zouppk2f', 'at://did:plc:bumykrcklkrajoivgjbxkoch/app.bsky.feed.post/3lslpvugnr226']"
Elthampug üá¨üáßüá∫üá¶,elthampug.bsky.social,did:plc:322rl6k3lgxthjbnmvovhqyq,"['at://did:plc:322rl6k3lgxthjbnmvovhqyq/app.bsky.feed.post/3lslugmgbz22l', 'at://did:plc:322rl6k3lgxthjbnmvovhqyq/app.bsky.feed.post/3lsltm5o3v224', 'at://did:plc:322rl6k3lgxthjbnmvovhqyq/app.bsky.feed.post/3lslt776jcs24', 'at://did:plc:322rl6k3lgxthjbnmvovhqyq/app.bsky.feed.post/3lslszcgjzc27', 'at://did:plc:322rl6k3lgxthjbnmvovhqyq/app.bsky.feed.post/3lslrbbv2n22k']"
Anasjamal44,anasjamall444.bsky.social,did:plc:udaebon3czuh3qex2oys4p4f,"['at://did:plc:udaebon3czuh3qex2oys4p4f/app.bsky.feed.post/3lsjgplwhkc2y', 'at://did:plc:udaebon3czuh3qex2oys4p4f/app.bsky.feed.post/3lsgw37l4q22t', 'at://did:plc:udaebon3czuh3qex2oys4p4f/app.bsky.feed.post/3lsgldhm5wk2q', 'at://did:plc:udaebon3czuh3qex2oys4p4f/app.bsky.feed.post/3lsgk6bdxo224', 'at://did:plc:udaebon3czuh3qex2oys4p4f/app.bsky.feed.post/3lsgfyyefxk26']"
KSlatteryResist,kslatteryresist.bsky.social,did:plc:salokypqtf26a547u2rxpx7a,"['at://did:plc:hcotxzdme2wf4wkkxryyg52x/app.bsky.feed.post/3lsluxdmzoc2d', 'at://did:plc:bg5vuqejktlwjgcdsm3jyv73/app.bsky.feed.post/3lslv2fl7mk26', 'at://did:plc:x4g4laxkmsrczwvnvbbgsm7g/app.bsky.feed.post/3lslvadla622w', 'at://did:plc:4u3hwe3p7oy3hoy3amlw7rp2/app.bsky.feed.post/3lslvq7ogmm26', 'at://did:plc:salokypqtf26a547u2rxpx7a/app.bsky.feed.post/3lslvwsg6vc25']"
,davisshane.bsky.social,did:plc:6tbpljrme4ivz5xealwbjnms,
Ronald Hemenway,rehemenway.bsky.social,did:plc:q3bxdnbrzlflbswx2wne7zg6,"['at://did:plc:mpvivcve3y2fdlw7pmq7niwz/app.bsky.feed.post/3lskusp6s7s2n', 'at://did:plc:uyh5huzxtthtkg6htsgt56lh/app.bsky.feed.post/3lskiy7pgx22q', 'at://did:plc:m5co2fg2gnpjadjiqjmk4cil/app.bsky.feed.post/3lrce5tvhic2d', 'at://did:plc:m5co2fg2gnpjadjiqjmk4cil/app.bsky.feed.post/3lre6lqf4w22a', 'at://did:plc:m5co2fg2gnpjadjiqjmk4cil/app.bsky.feed.post/3lrhlp2jufs2s']"
Andy Taylor,andytaylor31.bsky.social,did:plc:o364chcrwuijvo2c3k7tfwdl,"['at://did:plc:o364chcrwuijvo2c3k7tfwdl/app.bsky.feed.post/3lsiibpz6w22m', 'at://did:plc:o364chcrwuijvo2c3k7tfwdl/app.bsky.feed.post/3ls7yluhz2226', 'at://did:plc:o364chcrwuijvo2c3k7tfwdl/app.bsky.feed.post/3ls7yifwuks26', 'at://did:plc:o364chcrwuijvo2c3k7tfwdl/app.bsky.feed.post/3ls55qjbfbs23', 'at://did:plc:o364chcrwuijvo2c3k7tfwdl/app.bsky.feed.post/3ls4ibmkgfk2g']"
Johns Detecting Adventures UK,johnmbradbury.bsky.social,did:plc:d5xausxpjxmbbmg5iy6daqbn,"['at://did:plc:d5xausxpjxmbbmg5iy6daqbn/app.bsky.feed.post/3lsisdeh6xs2p', 'at://did:plc:d5xausxpjxmbbmg5iy6daqbn/app.bsky.feed.post/3lsisc7cwkk2p', 'at://did:plc:d5xausxpjxmbbmg5iy6daqbn/app.bsky.feed.post/3lsisalupts2p', 'at://did:plc:d5xausxpjxmbbmg5iy6daqbn/app.bsky.feed.post/3lsis7pvggk2p', 'at://did:plc:d5xausxpjxmbbmg5iy6daqbn/app.bsky.feed.post/3lsis6r6chs2p']"
Jana S.,janacze.bsky.social,did:plc:nocwclpxrdgxbpg6x3sbz6ae,"['at://did:plc:nocwclpxrdgxbpg6x3sbz6ae/app.bsky.feed.post/3lsjhsqosgk2s', 'at://did:plc:nocwclpxrdgxbpg6x3sbz6ae/app.bsky.feed.post/3lqz6is2m6s2m', 'at://did:plc:nocwclpxrdgxbpg6x3sbz6ae/app.bsky.feed.post/3lq3kashjuk2c', 'at://did:plc:nocwclpxrdgxbpg6x3sbz6ae/app.bsky.feed.post/3lpvse7ixm22v', 'at://did:plc:nocwclpxrdgxbpg6x3sbz6ae/app.bsky.feed.post/3lpu7usgcsk2d']"
,babilimansa.bsky.social,did:plc:gotqekjoeboeul5syaanulhr,
,crecy00.bsky.social,did:plc:ptxmghogx5ztbcpjzp43mtrp,"['at://did:plc:rnxllj766nac3ervq7vmdkcc/app.bsky.feed.post/3lrffim4iys2y', 'at://did:plc:tihepmhcytfctvpwjkkhmey4/app.bsky.feed.post/3lrapooqua22p', 'at://did:plc:fvvcdthfwpsn2oowdirzqqrj/app.bsky.feed.post/3lqd7ocjgp22t', 'at://did:plc:gmskmbuerfbyjai4zeg24ult/app.bsky.feed.post/3lqoqxqswfk2v', 'at://did:plc:njcpzzh6j2gzb43jcrzggp2j/app.bsky.feed.post/3lrfgl2ycvc2p']"
,loriangelina410.bsky.social,did:plc:h6l7ftp35mv4k46fb6uo7yev,"['at://did:plc:h6l7ftp35mv4k46fb6uo7yev/app.bsky.feed.post/3lrijr64jr22e', 'at://did:plc:h6l7ftp35mv4k46fb6uo7yev/app.bsky.feed.post/3lo34cwqgx223', 'at://did:plc:h6l7ftp35mv4k46fb6uo7yev/app.bsky.feed.post/3lntr2vlyzk2h', 'at://did:plc:h6l7ftp35mv4k46fb6uo7yev/app.bsky.feed.post/3lnodw32lns2g', 'at://did:plc:h6l7ftp35mv4k46fb6uo7yev/app.bsky.feed.post/3lmq6g2wkt22r']"
The Dirlewanger Historian,dirlewangerarchive.bsky.social,did:plc:vik7raxfz7ufv6qugq6u4e6e,"['at://did:plc:vik7raxfz7ufv6qugq6u4e6e/app.bsky.feed.post/3lsjn4jfk522i', 'at://did:plc:vik7raxfz7ufv6qugq6u4e6e/app.bsky.feed.post/3ls2ztttzws2m', 'at://did:plc:vik7raxfz7ufv6qugq6u4e6e/app.bsky.feed.post/3lru62nioes2e', 'at://did:plc:vik7raxfz7ufv6qugq6u4e6e/app.bsky.feed.post/3lru5zgdygs2e', 'at://did:plc:vik7raxfz7ufv6qugq6u4e6e/app.bsky.feed.post/3lrltl26fuk2g']"
,70amn.bsky.social,did:plc:bl5wtfoqlqwniihcowletnz5,"['at://did:plc:bl5wtfoqlqwniihcowletnz5/app.bsky.feed.post/3lslorsdc2c24', 'at://did:plc:bl5wtfoqlqwniihcowletnz5/app.bsky.feed.post/3lslkan4no22e', 'at://did:plc:bl5wtfoqlqwniihcowletnz5/app.bsky.feed.post/3lslhjuvh6c2e', 'at://did:plc:bl5wtfoqlqwniihcowletnz5/app.bsky.feed.post/3lslhazrl5s2e', 'at://did:plc:bl5wtfoqlqwniihcowletnz5/app.bsky.feed.post/3lslfzmga7c2e']"
,bobhawaii.bsky.social,did:plc:eb35pncb7wussnsd37auh54r,"['at://did:plc:eb35pncb7wussnsd37auh54r/app.bsky.feed.post/3lsltnabckc2x', 'at://did:plc:wchghxypxpfhbwp4t44q6fe4/app.bsky.feed.post/3lslqgwrxlc2n', 'at://did:plc:eb35pncb7wussnsd37auh54r/app.bsky.feed.post/3lsltlbr4os2x', 'at://did:plc:tsksqpjisdvtusxq6ide5tzj/app.bsky.feed.post/3lslolsrfsc2l', 'at://did:plc:eb35pncb7wussnsd37auh54r/app.bsky.feed.post/3lslm7qzdos2v']"
Julie Stephenson,juliemstephenson.bsky.social,did:plc:3wfxph3xjgkvj6ltlrunlvae,"['at://did:plc:3wfxph3xjgkvj6ltlrunlvae/app.bsky.feed.post/3ln3r7qnfj222', 'at://did:plc:3wfxph3xjgkvj6ltlrunlvae/app.bsky.feed.post/3lmg3o4fw5k2h', 'at://did:plc:3wfxph3xjgkvj6ltlrunlvae/app.bsky.feed.post/3llfkbzfo222n', 'at://did:plc:3wfxph3xjgkvj6ltlrunlvae/app.bsky.feed.post/3ll5r2odyu22o', 'at://did:plc:3wfxph3xjgkvj6ltlrunlvae/app.bsky.feed.post/3ll2hguccu22x']"
‚öõCALCVLVS‚öõùïäü¶•ü¶£üß™üá™üá∫,calcvlvs.bsky.social,did:plc:hpos2c4jia2ppq7bejr6artt,"['at://did:plc:hpos2c4jia2ppq7bejr6artt/app.bsky.feed.post/3lsjmm5447c27', 'at://did:plc:iu4j537hox5huj4bwnwgub4z/app.bsky.feed.post/3lshgc4izu22s', 'at://did:plc:hpos2c4jia2ppq7bejr6artt/app.bsky.feed.post/3lsjc6ygc4k27', 'at://did:plc:hpos2c4jia2ppq7bejr6artt/app.bsky.feed.post/3lsisn65mhk27', 'at://did:plc:cdzfvdl4pwp4pyw7atc52ewh/app.bsky.feed.post/3lshfniorm22d']"
"Anna | Freedom Life - Affiliate & Digital
Marketer",annafreedomilfe.bsky.social,did:plc:e5fftuedzgvcif4mgsb7cm5s,"['at://did:plc:zrqb66snqhomf2tvh3l5czmi/app.bsky.feed.post/3lrfhagbigs2u', 'at://did:plc:a4e6j62mtcn65xmd7tnnc6ea/app.bsky.feed.post/3lqpjrwks6k2b', 'at://did:plc:a4e6j62mtcn65xmd7tnnc6ea/app.bsky.feed.post/3lqurhguazc2p', 'at://did:plc:a4e6j62mtcn65xmd7tnnc6ea/app.bsky.feed.post/3lqusyumom22p', 'at://did:plc:a4e6j62mtcn65xmd7tnnc6ea/app.bsky.feed.post/3lqvtz3sd2c2o']"
James Doss,james108doss.bsky.social,did:plc:ygwypbi6btcyqi2ivxov2yhk,"['at://did:plc:cqg5uwflrfsabelsf4qoyjzg/app.bsky.feed.post/3lslw7kqgqk2w', 'at://did:plc:qxwx3yb4m3dmjbu5luyyi7zm/app.bsky.feed.post/3lsltizkah22e', 'at://did:plc:k4kp7p2lfe2fz6z2u26yslv4/app.bsky.feed.post/3lslw26swvc2o', 'at://did:plc:ygwypbi6btcyqi2ivxov2yhk/app.bsky.feed.post/3lslw2gjik227', 'at://did:plc:x6wjq54fw7cbsolajg7iosqf/app.bsky.feed.post/3lsjlvlmbns2f']"
SJ Hart,sjhart822.bsky.social,did:plc:dyeqosmbc6pqt2s6qmw2cesr,"['at://did:plc:dyeqosmbc6pqt2s6qmw2cesr/app.bsky.feed.post/3lsh6zl43sk2p', 'at://did:plc:xyddpg6usmgh2t2jgf4e37yk/app.bsky.feed.post/3lsa2pthmk22z', 'at://did:plc:xgiwtxbtt6xc7low5vdz7dq4/app.bsky.feed.post/3ls7x7mzzss2i', 'at://did:plc:lt6ol2jm6afptgbcir3apwi4/app.bsky.feed.post/3lrulmlujwk2j', 'at://did:plc:dyeqosmbc6pqt2s6qmw2cesr/app.bsky.feed.post/3lrswakqihs2c']"
BikeDykeüè≥Ô∏è‚Äçüåàüíôüè≥Ô∏è‚Äç‚ößÔ∏èüá∫üá¶üíô,cyclegal1950.bsky.social,did:plc:vuc3twagxgyzxfd6j7y5sfgj,"['at://did:plc:mupjvqe2vuefnr77em5jjl4f/app.bsky.feed.post/3llygt3rjqc27', 'at://did:plc:lvpv6gu3zmdzub6hzbdb6ug4/app.bsky.feed.post/3lsjt7cxj4s27', 'at://did:plc:pljsa5ve74sv4zpm46uxyrx7/app.bsky.feed.post/3lsiwclmnus2x', 'at://did:plc:ld2et3cyeogqnquazxu2jygj/app.bsky.feed.post/3lsjian62xk2y', 'at://did:plc:uayevtgtbwot25zhocjzb6lv/app.bsky.feed.post/3lsjsi2ao7k2a']"
Mick,mickthecanuck.bsky.social,did:plc:ipbr4qz77kiyyrfxynpws6fw,"['at://did:plc:ipbr4qz77kiyyrfxynpws6fw/app.bsky.feed.post/3lsk2a36ga22s', 'at://did:plc:ipbr4qz77kiyyrfxynpws6fw/app.bsky.feed.post/3lsgp3rccvc2x', 'at://did:plc:rxtr5vcxcpbbgur37keby75l/app.bsky.feed.post/3ls72wvedb22w', 'at://did:plc:lar2o6mnnvln22w6kgnpifli/app.bsky.feed.post/3lsa472ba4c2s', 'at://did:plc:ipbr4qz77kiyyrfxynpws6fw/app.bsky.feed.post/3lsgoed5ni22o']"
Long Island Annie,longislandannie.bsky.social,did:plc:creyxmyfdndavzakdjwkalfq,"['at://did:plc:t4x2ruk2qmob2b2cx55h4v7r/app.bsky.feed.post/3lmuw3rjoxk2b', 'at://did:plc:creyxmyfdndavzakdjwkalfq/app.bsky.feed.post/3lgux6whvyc2o', 'at://did:plc:creyxmyfdndavzakdjwkalfq/app.bsky.feed.post/3lfmqf74ne22q', 'at://did:plc:creyxmyfdndavzakdjwkalfq/app.bsky.feed.post/3lcoc6ev2uk2u', 'at://did:plc:creyxmyfdndavzakdjwkalfq/app.bsky.feed.post/3lb2urq4osn2e']"
Gregorio,plymouthdad.bsky.social,did:plc:qqcyk7zjjzmjeggkb6lvjamm,"['at://did:plc:wjatbj4hiinxfqaeixaw2bcp/app.bsky.feed.post/3lskzxdp7fi2a', 'at://did:plc:qqcyk7zjjzmjeggkb6lvjamm/app.bsky.feed.post/3lsdz7xtu422c', 'at://did:plc:5o6k7jvowuyaquloafzn3cfw/app.bsky.feed.post/3ls7tttkv322l', 'at://did:plc:t6ubj2wlhc34awzcymh3qpur/app.bsky.feed.post/3ls3ikfms3s2s', 'at://did:plc:vpfavbhwv4okwh6ydgp5uxf6/app.bsky.feed.post/3lrqbjrs3ek2e']"
Pat Fuller,bannerite.bsky.social,did:plc:czgdhu4ml6yjpkptbytkcwvu,"['at://did:plc:4e22g3omfbkrxxi76mdbchhm/app.bsky.feed.post/3lslvkk2fqc2z', 'at://did:plc:jigvbu6t6s4vamnb4pj5c5fu/app.bsky.feed.post/3lslqemxuo22v', 'at://did:plc:hpibr75rukzml4bnds3zjcpv/app.bsky.feed.post/3lslud7r7fs2w', 'at://did:plc:gatqjpnogn36choex434yhay/app.bsky.feed.post/3lslrnmddps2q', 'at://did:plc:quu4h7b5nl6ktn4cqq65b3ja/app.bsky.feed.post/3lslrwpyrnc2w']"
Poppy Brown,poppybrown.bsky.social,did:plc:qldcnyyakbhpy7nhmidmzcas,['at://did:plc:qldcnyyakbhpy7nhmidmzcas/app.bsky.feed.post/3lkvywox76s2m']
,tobyg-2025.bsky.social,did:plc:7cvd5jqrugc3vgj6spuqpjko,
Jen,allbymyelf.bsky.social,did:plc:wwo3jxnje2pnpag23p6ls4wi,"['at://did:plc:wwo3jxnje2pnpag23p6ls4wi/app.bsky.feed.post/3lqsf7nmh2s22', 'at://did:plc:wwo3jxnje2pnpag23p6ls4wi/app.bsky.feed.post/3lq46rslrrs2j', 'at://did:plc:wwo3jxnje2pnpag23p6ls4wi/app.bsky.feed.post/3lq43m5rj4c2h', 'at://did:plc:wwo3jxnje2pnpag23p6ls4wi/app.bsky.feed.post/3lq43aim7222h', 'at://did:plc:wwo3jxnje2pnpag23p6ls4wi/app.bsky.feed.post/3lq3gg2eths2e']"
VixinNZ,vixinnz.bsky.social,did:plc:rchd4pzkvnff4r276ggifiu4,"['at://did:plc:njkgy4gpmwe7djumd4nff4wi/app.bsky.feed.post/3lskfa5h5cs2e', 'at://did:plc:6lf2nnxikz3bdhn42dugqxly/app.bsky.feed.post/3lskeyu7ldc2l', 'at://did:plc:uyh5huzxtthtkg6htsgt56lh/app.bsky.feed.post/3lsk4y7sjhs2l', 'at://did:plc:rchd4pzkvnff4r276ggifiu4/app.bsky.feed.post/3lskhhu5npo2e', 'at://did:plc:2pclggfi6rpfkdxz5ajmnpwb/app.bsky.feed.post/3lb6w5feue22w']"
Avon Caulin,spodulike.bsky.social,did:plc:7bulbxx6niif7zoxfkuh2osk,"['at://did:plc:e2ygueg5qpoe6bisqxknnrvg/app.bsky.feed.post/3lslgzng5uc2f', 'at://did:plc:7bulbxx6niif7zoxfkuh2osk/app.bsky.feed.post/3lslvwqkrjk2c', 'at://did:plc:7bulbxx6niif7zoxfkuh2osk/app.bsky.feed.post/3lslv7u6fns2d', 'at://did:plc:7bulbxx6niif7zoxfkuh2osk/app.bsky.feed.post/3lslu7xrj3c2d', 'at://did:plc:7bulbxx6niif7zoxfkuh2osk/app.bsky.feed.post/3lslswl3jlk2c']"
,bartomybay.bsky.social,did:plc:ornysjmrsyufu3jcyetgff7q,"['at://did:plc:rbufuc7mdahaahp2oitsspsn/app.bsky.feed.post/3lseghye6fk2x', 'at://did:plc:iu4j537hox5huj4bwnwgub4z/app.bsky.feed.post/3lshtknq7ow2x', 'at://did:plc:iqcmet6s4ck6wuh64k73jhvr/app.bsky.feed.post/3ls2zwjqm222p', 'at://did:plc:qufi6aakg5ysv6gsvcmelabf/app.bsky.feed.post/3lryn2rf2z22k', 'at://did:plc:iqcmet6s4ck6wuh64k73jhvr/app.bsky.feed.post/3lrylme4wmk2r']"
Ang√©lique van Drunen üá™üá∫,avdrunen.bsky.social,did:plc:hviyu52qdozmndpwq5jkinqw,"['at://did:plc:qvyoqid6fzhnqfmz5kql5qlg/app.bsky.feed.post/3lslespt4gk2l', 'at://did:plc:qvyoqid6fzhnqfmz5kql5qlg/app.bsky.feed.post/3lslfyfsxv22u', 'at://did:plc:p5h5ai6lj6bc53b7mmvy3rf2/app.bsky.feed.post/3lslbo7t6s22s', 'at://did:plc:blhajt3pwlt6cc4kneltpc73/app.bsky.feed.post/3lsl5pegfls2r', 'at://did:plc:hviml6q5sjrw5huahotourga/app.bsky.feed.post/3ls7lnz4cyc23']"
,garrettzilla.bsky.social,did:plc:h7udqw33xgqqjmf6kawmaxf7,
John Lydon,john-lydon.bsky.social,did:plc:6ssjnm5272ec3zq2gq3ratt3,"['at://did:plc:6ssjnm5272ec3zq2gq3ratt3/app.bsky.feed.post/3lrshawomec2b', 'at://did:plc:6ssjnm5272ec3zq2gq3ratt3/app.bsky.feed.post/3lrcqrrz7ac2c', 'at://did:plc:6ssjnm5272ec3zq2gq3ratt3/app.bsky.feed.post/3lrbiueklmc25', 'at://did:plc:6ssjnm5272ec3zq2gq3ratt3/app.bsky.feed.post/3lrbgjcupfc23', 'at://did:plc:zjiablorhkjbzzzbknqiuleh/app.bsky.feed.post/3lqpfuyhfcv2e']"
Anna,01-anna-10.bsky.social,did:plc:66guhxme5che6j7a5vzchm6d,"['at://did:plc:66guhxme5che6j7a5vzchm6d/app.bsky.feed.post/3lsjwsjuhqs2b', 'at://did:plc:66guhxme5che6j7a5vzchm6d/app.bsky.feed.post/3lsjwq25nrk2b', 'at://did:plc:77lswp42lgjyw36ozuo7kt7e/app.bsky.feed.post/3ls7fxspfy22a', 'at://did:plc:nshfxznizaehxihcbswq3ogx/app.bsky.feed.post/3lrlo5wsrbk2d', 'at://did:plc:sremdgxnbadvfxybe36dauc5/app.bsky.feed.post/3lrkyk2l4rs2v']"
Nancy Arrgh,nearob.bsky.social,did:plc:2m4yjp6kz6bzk5qp5mr5iuow,"['at://did:plc:sb54dpdfefflykmf5bcfvr7t/app.bsky.feed.post/3lsgvvwrswk2i', 'at://did:plc:4ijxzntkhg7seb6sqfmoqaan/app.bsky.feed.post/3lsgwkat6kv2q', 'at://did:plc:f5oj3h5yslnl5ymnvya5aecv/app.bsky.feed.post/3lsgvwjkkte2z', 'at://did:plc:dc7hahfvdre6baxdjs65icls/app.bsky.feed.post/3lseua4grz22c', 'at://did:plc:wskdvbgdhv722jigmgjtkapm/app.bsky.feed.post/3lscuxgyt722h']"
Sam,girltalk.bsky.social,did:plc:xes7vrhofngmff4dbci57lbg,"['at://did:plc:5mu44cojafmxj6h3yaihy2nl/app.bsky.feed.post/3lslwbmf6es2y', 'at://did:plc:xes7vrhofngmff4dbci57lbg/app.bsky.feed.post/3lslwcbotu225', 'at://did:plc:xes7vrhofngmff4dbci57lbg/app.bsky.feed.post/3lslw76kdds25', 'at://did:plc:xes7vrhofngmff4dbci57lbg/app.bsky.feed.post/3lslv5beuis25', 'at://did:plc:xes7vrhofngmff4dbci57lbg/app.bsky.feed.post/3lskok2ax2s2r']"
Ren√© Smits,rs-lawsociety.bsky.social,did:plc:hg37z5qgfumoiuz2ho4gnze3,"['at://did:plc:eclio37ymobqex2ncko63h4r/app.bsky.feed.post/3lslusugi322u', 'at://did:plc:nvfposmpmhegtyvhbs75s3pw/app.bsky.feed.post/3lslusv366l2f', 'at://did:plc:ofbkqcjzvm6gtwuufsubnkaf/app.bsky.feed.post/3lslutz7g6k2q', 'at://did:plc:hg37z5qgfumoiuz2ho4gnze3/app.bsky.feed.post/3lslvcyookk2z', 'at://did:plc:vi4nxss5guyhmpwdvzffzbrj/app.bsky.feed.post/3lslu36q6ac2r']"
Grazza C,granitec.bsky.social,did:plc:adv7nac2m42cys2nieefvwza,
Old goat.,bluechaos1958.bsky.social,did:plc:uwtko5ynn6veb3igtj5xzws6,"['at://did:plc:7ggc3e4ux44k77vdhmxvtik7/app.bsky.feed.post/3lsi2po5m6226', 'at://did:plc:tgw3d4hvw3x5ijrxax7lg26u/app.bsky.feed.post/3lslmln5ask2j', 'at://did:plc:qwxftspzayyqtmwv5t4rtdsm/app.bsky.feed.post/3lslsostmj226', 'at://did:plc:vevk6lgrt6o4wncrbp7joij3/app.bsky.feed.post/3lsltenxdzc2t', 'at://did:plc:uwtko5ynn6veb3igtj5xzws6/app.bsky.feed.post/3lsltqjtbbk2s']"
Nochka,nochka.bsky.social,did:plc:27v3gqnkqq3rwuvegdrkdgqt,"['at://did:plc:27v3gqnkqq3rwuvegdrkdgqt/app.bsky.feed.post/3lsjryqnmj22r', 'at://did:plc:27v3gqnkqq3rwuvegdrkdgqt/app.bsky.feed.post/3lsjrvnpe722r', 'at://did:plc:27v3gqnkqq3rwuvegdrkdgqt/app.bsky.feed.post/3lsjrnzgfmk2r', 'at://did:plc:4u3hwe3p7oy3hoy3amlw7rp2/app.bsky.feed.post/3lsa2w47ljr26', 'at://did:plc:27v3gqnkqq3rwuvegdrkdgqt/app.bsky.feed.post/3ls7b6wfjek2v']"
rebel288,rebel288.bsky.social,did:plc:gujiky2lxymxewvekolumurn,"['at://did:plc:2h5oj7dfciesiknuazc3s3mo/app.bsky.feed.post/3lsltez7d6n2a', 'at://did:plc:4fjlxgdpuqxfqnzvvbj56q5f/app.bsky.feed.post/3lslpwodwe72t', 'at://did:plc:vfnmgxg2yscfliemmcxzyfyh/app.bsky.feed.post/3lslq5ehoki2s', 'at://did:plc:wmho6q2uiyktkam3jsvrms3s/app.bsky.feed.post/3lslq6wckbu2v', 'at://did:plc:mhzk3blh4pfxo3fqh2meowbb/app.bsky.feed.post/3lslqakowaf24']"
Steve Harbick,steve.harbick.com,did:plc:hootg7ct3staeowzep654lkv,"['at://did:plc:ld2et3cyeogqnquazxu2jygj/app.bsky.feed.post/3lsfezv66ak25', 'at://did:plc:hootg7ct3staeowzep654lkv/app.bsky.feed.post/3lsdlltbksk2w', 'at://did:plc:hootg7ct3staeowzep654lkv/app.bsky.feed.post/3lsdljbhlg22w', 'at://did:plc:hootg7ct3staeowzep654lkv/app.bsky.feed.post/3lsdj3qrvkc2w', 'at://did:plc:6m7vjravwwgt2or2svgs73kz/app.bsky.feed.post/3lsd24eztcc24']"
Old Hobbit‚úå,oldhobbit.bsky.social,did:plc:5owh7mkntot24kvgm5fzm7wz,"['at://did:plc:inz4fkbbp7ms3ixufw6xuvdi/app.bsky.feed.post/3lslufynmvc2i', 'at://did:plc:uz5apa2z3jrxhjjzqw5qik65/app.bsky.feed.post/3lsludygyts2f', 'at://did:plc:5owh7mkntot24kvgm5fzm7wz/app.bsky.feed.post/3lslt5g4vfc23', 'at://did:plc:utdci2ewhpqzfl6uukt4kdkc/app.bsky.feed.post/3lslsdcgog226', 'at://did:plc:5owh7mkntot24kvgm5fzm7wz/app.bsky.feed.post/3lslt3tk2ns23']"
James and the giant peach,studiousbadger.bsky.social,did:plc:sngeibadgmlub22v4paohzjm,"['at://did:plc:sngeibadgmlub22v4paohzjm/app.bsky.feed.post/3lslciokwbc2e', 'at://did:plc:sngeibadgmlub22v4paohzjm/app.bsky.feed.post/3lsla375iic2e', 'at://did:plc:2hfnerpvdj3efl3lkgy7iodg/app.bsky.feed.post/3lsjfh77w6b2g', 'at://did:plc:sngeibadgmlub22v4paohzjm/app.bsky.feed.post/3lsdqyuwzys2c', 'at://did:plc:sngeibadgmlub22v4paohzjm/app.bsky.feed.post/3lsc3fmecuk24']"
Helen Furnivall,helenfurn.bsky.social,did:plc:hjxz3jfp4idizhsbszvkcm73,"['at://did:plc:hjxz3jfp4idizhsbszvkcm73/app.bsky.feed.post/3lsa5765wjc2g', 'at://did:plc:hjxz3jfp4idizhsbszvkcm73/app.bsky.feed.post/3ls4eqbsyxk2l', 'at://did:plc:zq2dj4isij7fkgxdaq4objoj/app.bsky.feed.post/3lrxwmjr5jc2r', 'at://did:plc:wpklz7s5miidok277zmcgrr6/app.bsky.feed.post/3lrwxxtyyjk2u', 'at://did:plc:erlxz4sppc5uv7m4efmcvpsf/app.bsky.feed.post/3lrrzei5ei22m']"
AJ‚Äôs Ramblings,ajsramblings.bsky.social,did:plc:bkwyqhuvo4rndwa5khhmtd3a,"['at://did:plc:bkwyqhuvo4rndwa5khhmtd3a/app.bsky.feed.post/3lsirmkbtks2j', 'at://did:plc:bkwyqhuvo4rndwa5khhmtd3a/app.bsky.feed.post/3lsirkpka422j', 'at://did:plc:v37jbm7ajyevhnygruyftjbc/app.bsky.feed.post/3lsh5vndfls2s', 'at://did:plc:kttahtl5biabvqgu67pvvtus/app.bsky.feed.post/3lsihprgivc2e', 'at://did:plc:uenck5boai3dikopbnms643w/app.bsky.feed.post/3lsihrmomry2g']"
Dave IH,daveih.bsky.social,did:plc:hxtgkr2yuliugjblbnl3lurc,"['at://did:plc:hxtgkr2yuliugjblbnl3lurc/app.bsky.feed.post/3lsldb6k5bs2i', 'at://did:plc:hxtgkr2yuliugjblbnl3lurc/app.bsky.feed.post/3ls723nyc722o', 'at://did:plc:hxtgkr2yuliugjblbnl3lurc/app.bsky.feed.post/3ls6zwrpbxs2o', 'at://did:plc:hxtgkr2yuliugjblbnl3lurc/app.bsky.feed.post/3ls6zftvx2c2o', 'at://did:plc:hxtgkr2yuliugjblbnl3lurc/app.bsky.feed.post/3ls6e373z4c2u']"
TAFKA.MrWangernum,aidanr42.bsky.social,did:plc:nx7zqoxwwgzzevmwkyh7xkrc,"['at://did:plc:nx7zqoxwwgzzevmwkyh7xkrc/app.bsky.feed.post/3lslu2ce6l22o', 'at://did:plc:nx7zqoxwwgzzevmwkyh7xkrc/app.bsky.feed.post/3lsltrr4ess2o', 'at://did:plc:nx7zqoxwwgzzevmwkyh7xkrc/app.bsky.feed.post/3lslr2m5le22u', 'at://did:plc:nx7zqoxwwgzzevmwkyh7xkrc/app.bsky.feed.post/3lsl7qluhok26', 'at://did:plc:nx7zqoxwwgzzevmwkyh7xkrc/app.bsky.feed.post/3lsl7owvle226']"
,harrie01.bsky.social,did:plc:hynw5aomgovvezhdjvaljoba,
Tom Shakespeare,tomshakespeare.bsky.social,did:plc:wesv6edkmxgosnymf3qrnamd,"['at://did:plc:i4k5jo343mnn5kjf3ooz2rhj/app.bsky.feed.post/3lshkflrl2s27', 'at://did:plc:wesv6edkmxgosnymf3qrnamd/app.bsky.feed.post/3lsjajprars25', 'at://did:plc:wesv6edkmxgosnymf3qrnamd/app.bsky.feed.post/3lsj6kp5j5s25', 'at://did:plc:up5itczinnnputshxwwh3vni/app.bsky.feed.post/3lsinqdhlqk2t', 'at://did:plc:uqjon6amgqigyqvqfmqlp5s4/app.bsky.feed.post/3lsi7pfp2t22w']"
Canadian Virtual Military Museum (formerly on Facebook),canvmilitarymuseum.bsky.social,did:plc:poirpdjhdlzomi2ik723f32m,"['at://did:plc:poirpdjhdlzomi2ik723f32m/app.bsky.feed.post/3lslufe4x7s2a', 'at://did:plc:poirpdjhdlzomi2ik723f32m/app.bsky.feed.post/3lskthonh4k26', 'at://did:plc:poirpdjhdlzomi2ik723f32m/app.bsky.feed.post/3lskt7ahi7s2z', 'at://did:plc:poirpdjhdlzomi2ik723f32m/app.bsky.feed.post/3lskjkhvdzk27', 'at://did:plc:poirpdjhdlzomi2ik723f32m/app.bsky.feed.post/3lskbrcm7ik2w']"
Granny T,granny-t.bsky.social,did:plc:2j3uufxhvdi3mxjz6ftsayxn,"['at://did:plc:4llrhdclvdlmmynkwsmg5tdc/app.bsky.feed.post/3lslnhsuotc2u', 'at://did:plc:vpfavbhwv4okwh6ydgp5uxf6/app.bsky.feed.post/3lsko666mq22c', 'at://did:plc:7qqkq2zdwq4j5jingukgtuky/app.bsky.feed.post/3lska5hrwok2a', 'at://did:plc:cvqbabkihmvrxv7beptfjych/app.bsky.feed.post/3lskaaewq3u2p', 'at://did:plc:2j3uufxhvdi3mxjz6ftsayxn/app.bsky.feed.post/3lshnh6h67c2k']"
Bart,cautespin.bsky.social,did:plc:l2s2qtrgim74jy4nmv4ywslg,
Greg Shaw,zenmousegreg.bsky.social,did:plc:d3ybdeg4jvdi3gtapbf2zwlv,"['at://did:plc:d3ybdeg4jvdi3gtapbf2zwlv/app.bsky.feed.post/3lsgxtr4zyc2t', 'at://did:plc:d3ybdeg4jvdi3gtapbf2zwlv/app.bsky.feed.post/3lsdvza6np22o', 'at://did:plc:d3ybdeg4jvdi3gtapbf2zwlv/app.bsky.feed.post/3ls73edce3s2d', 'at://did:plc:d3ybdeg4jvdi3gtapbf2zwlv/app.bsky.feed.post/3ls734zeuws2d', 'at://did:plc:d3ybdeg4jvdi3gtapbf2zwlv/app.bsky.feed.post/3ls6kulqyds2x']"
Kelly,kelly1994.bsky.social,did:plc:kne7tytdpb23dymqeksljx4u,"['at://did:plc:kne7tytdpb23dymqeksljx4u/app.bsky.feed.post/3lqmuwzwyxc2p', 'at://did:plc:kne7tytdpb23dymqeksljx4u/app.bsky.feed.post/3lqi7hlopnc2c', 'at://did:plc:kne7tytdpb23dymqeksljx4u/app.bsky.feed.post/3lqf7dhifms2j']"
